1,"机械振动　机器振动的测量和评价　第8部分:往复式压缩机系统现行
Mechanical vibration―Measurement and evaluation of machine vibration―Part 8:Reciprocating compressor systems",GB/T 41850.8-2022,国家标准,2022-12-30,"
<div class=""wx-tit"">
<h1>机械振动　机器振动的测量和评价　第8部分:往复式压缩机系统<a class=""type"">现行</a>
<br>
<span>Mechanical vibration―Measurement and evaluation of machine vibration―Part 8:Reciprocating compressor systems</span>
</h1>
</div>
<div class=""row"">
<div class=""row-1"">
<span class=""rowtit"">标准号：</span>
<p class=""funds"">GB/T 41850.8-2022</p>
</div>
<div class=""row-2"">
<span class=""rowtit2"">标准性质：</span>
<p class=""funds"">推荐性</p>
</div>
</div>
<div class=""row"">
<div class=""row-1"">
<span class=""rowtit"">发布日期：</span>
<p class=""funds"">2022-10-12</p>
</div>
<div class=""row-2"">
<span class=""rowtit2"">实施日期：</span>
<p class=""funds"">2022-10-12</p>
</div>
</div>
<div class=""row"">
<span class=""rowtit"">发布单位：</span>
<p class=""funds"">国家市场监督管理总局;国家标准化管理委员会</p>
</div>
<div class=""row"">
<span class=""rowtit"">起草人：</span>
<p class=""funds"">刘石;马卫平;杨毅;高庆水;张楚;朱沙;黄正;黄海舟;区文俊;钱艺华;刘志刚;郭欣然;韩丹;蔡欲元</p>
</div>
<div class=""row"">
<span class=""rowtit"">起草单位：</span>
<p class=""funds"">南方电网电力科技股份有限公司; 郑州机械研究所有限公司; 中国测试技术研究院力学研究所; 广东电网有限责任公司电力科学研究院; 华电电力科学研究院有限公司; 东莞市卓茂仪器有限公司</p>
</div>
<div class=""row"">
<span class=""rowtit"">标准技术委员会：</span>
<p class=""funds"">全国机械振动、冲击与状态监测标准化技术委员会(SAC/TC 53)</p>
</div>
<div class=""row"">
<span class=""rowtit"">中国标准分类号：</span>
<div class=""funds"">
<span class=""txt"">J04</span>
<p class=""classify-nav"">机械-机械综合-基础标准与通用方法</p>
</div>
</div>
<div class=""row"">
<span class=""rowtit"">国际标准分类号：</span>
<div class=""funds"">
<span class=""txt"">17_160</span>
<p class=""classify-nav"">计量学和测量、物理现象-振动、冲击和振动测量</p>
</div>
</div>
<div class=""row"">
<span class=""rowtit"">总页数：</span>
<p class=""funds"">32</p>
</div>
<div class=""row"">
<span class=""rowtit"">纸质版定价：</span>
<p class=""funds"">46.00</p>
</div>
<div class=""operate operate2"" id=""DownLoadParts"">
<ul class=""operate-btn"">
<li class=""btn-qwxz"" style=""background:url(../images/gb/kcms8/icon-standardReader.png) left center no-repeat #1b66e6;"">
<a target=""_blank"" style=""width:300px"" rel=""noreferrer"" href=""http://login.cnki.net/login?platform=kcms&amp;ReturnURL=https://kdoc.cnki.net/UnisDownload/SCSF/Download.aspx?fileName=SCSF00076491&amp;uid="">
                                                PDF 版全文下载
                                            </a>
</li>
</ul>
<p class=""qwyd-tips"">
<i class=""icon-important-tips""></i><span class=""red"">重要提示：</span>标准全文为加密文档，须使用专用阅读器打开，点击下载<a href=""https://piccache.cnki.net/2022/kdn/software/standardreader.exe"">标准阅读器</a>并安装，如已安装，请使用阅读器打开全文。<br>
                                            个人用户需按<a target=""_blank"" href=""https://piccache.cnki.net/2022/kdn/index/adobereader/index.html#frame1-1"">阅读器下载</a>提示下载适用系统的PDF阅读器Adobe Reader 和适用系统的相应插件 FileOpen 并按顺序安装，安装后请使用PDF阅读器打开全文。如遇问题请查看
                                            <a target=""_blank"" href=""https://piccache.cnki.net/2022/kdn/index/adobereader/index.html#frame1-2"">使用说明</a>。
                                        </p>
</div>
",https://kns.cnki.net/kcms2/article/abstract?v=kxaUMs6x7-5KB1kF296ShrYo_9ZoYIWW4VfT4bfQP25xUu13oQ_hUwjzCDuU-Q4NZXbj2-bLLP2UbKXc7CjuMw%3d%3d&uniplatform=NZKPT
2,"固定的空气压缩机　安全规则和操作规程现行
Stationary air compressors―Safety rules and code of practice",GB/T 10892-2021,国家标准,2022-12-30,"
<div class=""wx-tit"">
<h1>固定的空气压缩机　安全规则和操作规程<a class=""type"">现行</a>
<br>
<span>Stationary air compressors―Safety rules and code of practice</span>
</h1>
</div>
<div class=""row"">
<div class=""row-1"">
<span class=""rowtit"">标准号：</span>
<p class=""funds"">GB/T 10892-2021</p>
</div>
<div class=""row-2"">
<span class=""rowtit2"">标准性质：</span>
<p class=""funds"">推荐性</p>
</div>
</div>
<div class=""row"">
<div class=""row-1"">
<span class=""rowtit"">发布日期：</span>
<p class=""funds"">2021-12-31</p>
</div>
<div class=""row-2"">
<span class=""rowtit2"">实施日期：</span>
<p class=""funds"">2022-07-01</p>
</div>
</div>
<div class=""row"">
<span class=""rowtit"">发布单位：</span>
<p class=""funds"">国家市场监督管理总局;国家标准化管理委员会</p>
</div>
<div class=""row"">
<span class=""rowtit"">起草人：</span>
<p class=""funds"">任芳;陈德祥;徐秋林;王立新;臧杰;袁军;邢志胜;叶鹏;王钧;揭政义;王晨曦;徐洪富;骆嘉</p>
</div>
<div class=""row"">
<span class=""rowtit"">起草单位：</span>
<p class=""funds"">
<a target=""_blank"" href=""../organ/detail?v=8q8G1i9UapeAVL1HVM8qnJ2t9FtkGvFWQDorDah9StmngmECllQWDRe2vIzhnxCmyBti3_HrfYwhkSoyKHhapC5n50WTGR3qn4-42Z3I1rOcQ73SoTOGhESBZ0AViApLP-RoH5i0gLA=&amp;uniplatform=NZKPT"">合肥通用机械研究院有限公司</a>; <a target=""_blank"" href=""../organ/detail?v=8q8G1i9UapeTQkvKuWKpSV3mRuNmVVvwKTK7J5WBwsiL3huA48Mbx4qw6KPBa6k-HUOANSgdibvOqN-aJwHUaIx9arvmSXnDXNXDKAzpw6aOKjSvysTM2BxqplifIYSjvYIYzyhKcjA=&amp;uniplatform=NZKPT"">浙江红五环机械股份有限公司</a>; <a target=""_blank"" href=""../organ/detail?v=8q8G1i9UapeTQkvKuWKpScEsIPncRREfZ_2fLm17On1lBYFRHfJjH-lTiNj8s-w_s4XAHVVue38Juddo7ULYpH2CIgcTEp2uaLkp9I3sTTq6HeApZuTCMuE8jaJniWJwbT6MO6kRBBg=&amp;uniplatform=NZKPT"">浙江开山压缩机股份有限公司</a>; <a target=""_blank"" href=""../organ/detail?v=8q8G1i9UapeTQkvKuWKpSW9KXa1rk2WHQ-R0giALMaEeRyVMFWSqodV2YWjBNO3NIxRD1wPeKAWhMSJraapgFx0i1WpyTLYb8guwgDehfZ95Kpfum7X0KhFvb76VYVzj8lJcnCjmZwg=&amp;uniplatform=NZKPT"">安瑞科(蚌埠)压缩机有限公司</a>; <a target=""_blank"" href=""../organ/detail?v=8q8G1i9UapeTQkvKuWKpSV3mRuNmVVvwogUmRynnhmS-gs3aS5s9gBjyG_rnYy2zwtSL655E873qVoXrvRQrxndXCWaYmlcAD6ZMZpAKW5pkA_AjmmDg_zvJyi4c0dWE&amp;uniplatform=NZKPT"">鑫磊压缩机股份有限公司</a>
</p>
</div>
<div class=""row"">
<span class=""rowtit"">标准技术委员会：</span>
<p class=""funds"">全国压缩机标准化技术委员会(SAC/TC 145)</p>
</div>
<div class=""row"">
<span class=""rowtit"">中国标准分类号：</span>
<div class=""funds"">
<span class=""txt"">J72</span>
<p class=""classify-nav"">机械-通用机械与设备-压缩机、风机</p>
</div>
</div>
<div class=""row"">
<span class=""rowtit"">国际标准分类号：</span>
<div class=""funds"">
<span class=""txt"">23_140</span>
<p class=""classify-nav"">流体系统和通用件-压缩机和气动机械</p>
</div>
</div>
<div class=""row"">
<span class=""rowtit"">总页数：</span>
<p class=""funds"">28</p>
</div>
<div class=""row"">
<span class=""rowtit"">纸质版定价：</span>
<p class=""funds"">41.00</p>
</div>
<div class=""operate operate2"" id=""DownLoadParts"">
<ul class=""operate-btn"">
<li class=""btn-qwxz"" style=""background:url(../images/gb/kcms8/icon-standardReader.png) left center no-repeat #1b66e6;"">
<a target=""_blank"" style=""width:300px"" rel=""noreferrer"" href=""http://login.cnki.net/login?platform=kcms&amp;ReturnURL=https://kdoc.cnki.net/UnisDownload/SCSF/Download.aspx?fileName=SCSF00076876&amp;uid="">
                                                PDF 版全文下载
                                            </a>
</li>
</ul>
<p class=""qwyd-tips"">
<i class=""icon-important-tips""></i><span class=""red"">重要提示：</span>标准全文为加密文档，须使用专用阅读器打开，点击下载<a href=""https://piccache.cnki.net/2022/kdn/software/standardreader.exe"">标准阅读器</a>并安装，如已安装，请使用阅读器打开全文。<br>
                                            个人用户需按<a target=""_blank"" href=""https://piccache.cnki.net/2022/kdn/index/adobereader/index.html#frame1-1"">阅读器下载</a>提示下载适用系统的PDF阅读器Adobe Reader 和适用系统的相应插件 FileOpen 并按顺序安装，安装后请使用PDF阅读器打开全文。如遇问题请查看
                                            <a target=""_blank"" href=""https://piccache.cnki.net/2022/kdn/index/adobereader/index.html#frame1-2"">使用说明</a>。
                                        </p>
</div>
",https://kns.cnki.net/kcms2/article/abstract?v=kxaUMs6x7-5KB1kF296ShrYo_9ZoYIWW4VfT4bfQP25xUu13oQ_hUxhiak7-buUaO0vJjs1_1nUNXSYxTLbuSg%3d%3d&uniplatform=NZKPT
3,"往复活塞压缩机监测系统规范现行
Specifications for monitoring system for reciprocating compressors",GB/T 41099-2021,国家标准,2022-12-30,"
<div class=""wx-tit"">
<h1>往复活塞压缩机监测系统规范<a class=""type"">现行</a>
<br>
<span>Specifications for monitoring system for reciprocating compressors</span>
</h1>
</div>
<div class=""row"">
<div class=""row-1"">
<span class=""rowtit"">标准号：</span>
<p class=""funds"">GB/T 41099-2021</p>
</div>
<div class=""row-2"">
<span class=""rowtit2"">标准性质：</span>
<p class=""funds"">推荐性</p>
</div>
</div>
<div class=""row"">
<div class=""row-1"">
<span class=""rowtit"">发布日期：</span>
<p class=""funds"">2021-12-31</p>
</div>
<div class=""row-2"">
<span class=""rowtit2"">实施日期：</span>
<p class=""funds"">2022-07-01</p>
</div>
</div>
<div class=""row"">
<span class=""rowtit"">发布单位：</span>
<p class=""funds"">国家市场监督管理总局;国家标准化管理委员会</p>
</div>
<div class=""row"">
<span class=""rowtit"">起草人：</span>
<p class=""funds"">张进杰;钱则刚;任芳;孟文惠;杨成炯;江志农;尚勇军;曹君;于晓昆;李立;盛晓尘;王利兵;邓化科;刘昶志</p>
</div>
<div class=""row"">
<span class=""rowtit"">起草单位：</span>
<p class=""funds"">
<a target=""_blank"" href=""../organ/detail?v=8q8G1i9UapdcQrmxOEBmgEv5SgYFfCH3nEKuF6ca465qjNRb2L4Vf6bkSWT-Lhl7coubFxw4NS0d6lo-paiOsfNun7SMKhVcYI2ui6UXyoBKNwiquYE3NNBwu_Bc_lm1m2eSmFJ2ahw=&amp;uniplatform=NZKPT"">合肥通用机械研究院有限公司</a>; <a target=""_blank"" href=""../organ/detail?v=8q8G1i9UapdcQrmxOEBmgNXkV6pBgo0yBjtr7OgrP4buJQ-TW8wR7OMJqfrwU4Fn7FcgGZVr-VMq0DMqrVyp6qhLTFctakGkNCzI9Pxfg3YYyi3x0toAVQ==&amp;uniplatform=NZKPT"">北京化工大学</a>; <a target=""_blank"" href=""../organ/detail?v=8q8G1i9UapdcQrmxOEBmgG2fXAQrz-HQdT8h97D8Iah5_p_I4idnVyLLXStKkDRP-zmK3Tl4Oy-f6CYRwj6hX0BHvYGRUoJcaKjHazFgR5ACWO_l0bVNtvC_r0IvKoyu5GvK4-GFG1i7F9RVOb0edA==&amp;uniplatform=NZKPT"">沈阳鼓风机集团往复机有限公司</a>; <a target=""_blank"" href=""../organ/detail?v=8q8G1i9UapdcQrmxOEBmgOSKiKx03hso5l2lp37ViNjqQQaRoMaxGxVwESAlcflOiV_N07_0NJz7VRQYSz_4PXzsgNXDZgsTZzgcORxzfEedlH3UHcD-DOTrqE5h3yPs&amp;uniplatform=NZKPT"">中石化广州工程有限公司</a>; <a target=""_blank"" href=""../organ/detail?v=8q8G1i9UapdcQrmxOEBmgEv5SgYFfCH3MrKrqn0_vGSLIumO_Hv6IyZBCt4QMaFiBfX5yqz-pmssZs5KCu6-S0xJ1v61ugkseEPM-Ips0V8KOd8Ic2WjsbNwrowYz5ly&amp;uniplatform=NZKPT"">无锡压缩机股份有限公司</a>; <a target=""_blank"" href=""../organ/detail?v=8q8G1i9UapdcQrmxOEBmgO-SQKVsIZXCvZsKZ6cSseEI87mmBhI90p04K2L2u2WgvjoOhjqFn4KhuoWS3N5towiWsPplh7C8_d6_t38a2Lxs-e6Njmr2ea7UepFJ_KpNLP6_Q3Ycen0=&amp;uniplatform=NZKPT"">浙江强盛压缩机制造有限公司</a>; <a target=""_blank"" href=""../organ/detail?v=8q8G1i9UapdAp6Y9oBf6TbpXNHcp3Pm-Hrik7W1NY_KczFuj71o4MfWu1IBrvt5oq6D-5iJO_BiNikPzrlayCNHtxvHwnNOEZ1FcU7xlm0YoN4V5N-5K9vdE1OlndYun6vlOIrL5rwwQrXaDgth70w==&amp;uniplatform=NZKPT"">北京博华信智科技股份有限公司</a>; <a target=""_blank"" href=""../organ/detail?v=8q8G1i9UapdAp6Y9oBf6TUSevTd8CFd5HD885copUJIaGy1_vt0YVUIfvrZuoIWKDG5-CXNPoGJc5784Rhp9ytpRWjDHjLfHDGQRIqcwV-8b7CvydkAc1nSxwbrsXFY7ySTpzOQ7ICA=&amp;uniplatform=NZKPT"">沈阳申元自动化科技有限公司</a>
</p>
</div>
<div class=""row"">
<span class=""rowtit"">标准技术委员会：</span>
<p class=""funds"">全国压缩机标准化技术委员会(SAC/TC 145)</p>
</div>
<div class=""row"">
<span class=""rowtit"">中国标准分类号：</span>
<div class=""funds"">
<span class=""txt"">J72</span>
<p class=""classify-nav"">机械-通用机械与设备-压缩机、风机</p>
</div>
</div>
<div class=""row"">
<span class=""rowtit"">国际标准分类号：</span>
<div class=""funds"">
<span class=""txt"">23_140</span>
<p class=""classify-nav"">流体系统和通用件-压缩机和气动机械</p>
</div>
</div>
<div class=""row"">
<span class=""rowtit"">总页数：</span>
<p class=""funds"">24</p>
</div>
<div class=""row"">
<span class=""rowtit"">纸质版定价：</span>
<p class=""funds"">36.00</p>
</div>
<div class=""operate operate2"" id=""DownLoadParts"">
<ul class=""operate-btn"">
<li class=""btn-qwxz"" style=""background:url(../images/gb/kcms8/icon-standardReader.png) left center no-repeat #1b66e6;"">
<a target=""_blank"" style=""width:300px"" rel=""noreferrer"" href=""http://login.cnki.net/login?platform=kcms&amp;ReturnURL=https://kdoc.cnki.net/UnisDownload/SCSF/Download.aspx?fileName=SCSF00077870&amp;uid="">
                                                PDF 版全文下载
                                            </a>
</li>
</ul>
<p class=""qwyd-tips"">
<i class=""icon-important-tips""></i><span class=""red"">重要提示：</span>标准全文为加密文档，须使用专用阅读器打开，点击下载<a href=""https://piccache.cnki.net/2022/kdn/software/standardreader.exe"">标准阅读器</a>并安装，如已安装，请使用阅读器打开全文。<br>
                                            个人用户需按<a target=""_blank"" href=""https://piccache.cnki.net/2022/kdn/index/adobereader/index.html#frame1-1"">阅读器下载</a>提示下载适用系统的PDF阅读器Adobe Reader 和适用系统的相应插件 FileOpen 并按顺序安装，安装后请使用PDF阅读器打开全文。如遇问题请查看
                                            <a target=""_blank"" href=""https://piccache.cnki.net/2022/kdn/index/adobereader/index.html#frame1-2"">使用说明</a>。
                                        </p>
</div>
",https://kns.cnki.net/kcms2/article/abstract?v=kxaUMs6x7-5KB1kF296ShrYo_9ZoYIWW4VfT4bfQP25xUu13oQ_hUx2wP5-EmYpcf9OtF_wszv4gNrNVhV_LGA%3d%3d&uniplatform=NZKPT
4,"容积式压缩机机械振动测量与评价现行
Measurement and evaluation of mechanical vibration of displacement compressors",GB/T 7777-2021,国家标准,2022-12-30,"
<div class=""wx-tit"">
<h1>容积式压缩机机械振动测量与评价<a class=""type"">现行</a>
<br>
<span>Measurement and evaluation of mechanical vibration of displacement compressors</span>
</h1>
</div>
<div class=""row"">
<div class=""row-1"">
<span class=""rowtit"">标准号：</span>
<p class=""funds"">GB/T 7777-2021</p>
</div>
<div class=""row-2"">
<span class=""rowtit2"">标准性质：</span>
<p class=""funds"">推荐性</p>
</div>
</div>
<div class=""row"">
<div class=""row-1"">
<span class=""rowtit"">发布日期：</span>
<p class=""funds"">2021-12-31</p>
</div>
<div class=""row-2"">
<span class=""rowtit2"">实施日期：</span>
<p class=""funds"">2022-07-01</p>
</div>
</div>
<div class=""row"">
<span class=""rowtit"">发布单位：</span>
<p class=""funds"">国家市场监督管理总局;国家标准化管理委员会</p>
</div>
<div class=""row"">
<span class=""rowtit"">起草人：</span>
<p class=""funds"">鲍洋洋;李金荣;刘玉勇;叶鹏;邢志胜;王立新;袁军;肖小万;王晨曦;崔冬</p>
</div>
<div class=""row"">
<span class=""rowtit"">起草单位：</span>
<p class=""funds"">合肥通用机械研究院有限公司; 合肥通用机电产品检测院有限公司; 重庆开山流体机械有限公司; 鑫磊压缩机股份有限公司</p>
</div>
<div class=""row"">
<span class=""rowtit"">标准技术委员会：</span>
<p class=""funds"">全国压缩机标准化技术委员会(SAC/TC 145)</p>
</div>
<div class=""row"">
<span class=""rowtit"">中国标准分类号：</span>
<div class=""funds"">
<span class=""txt"">J72</span>
<p class=""classify-nav"">机械-通用机械与设备-压缩机、风机</p>
</div>
</div>
<div class=""row"">
<span class=""rowtit"">国际标准分类号：</span>
<div class=""funds"">
<span class=""txt"">23_140</span>
<p class=""classify-nav"">流体系统和通用件-压缩机和气动机械</p>
</div>
</div>
<div class=""row"">
<span class=""rowtit"">总页数：</span>
<p class=""funds"">12</p>
</div>
<div class=""row"">
<span class=""rowtit"">纸质版定价：</span>
<p class=""funds"">24.00</p>
</div>
<div class=""operate operate2"" id=""DownLoadParts"">
<ul class=""operate-btn"">
<li class=""btn-qwxz"" style=""background:url(../images/gb/kcms8/icon-standardReader.png) left center no-repeat #1b66e6;"">
<a target=""_blank"" style=""width:300px"" rel=""noreferrer"" href=""http://login.cnki.net/login?platform=kcms&amp;ReturnURL=https://kdoc.cnki.net/UnisDownload/SCSF/Download.aspx?fileName=SCSF00078342&amp;uid="">
                                                PDF 版全文下载
                                            </a>
</li>
</ul>
<p class=""qwyd-tips"">
<i class=""icon-important-tips""></i><span class=""red"">重要提示：</span>标准全文为加密文档，须使用专用阅读器打开，点击下载<a href=""https://piccache.cnki.net/2022/kdn/software/standardreader.exe"">标准阅读器</a>并安装，如已安装，请使用阅读器打开全文。<br>
                                            个人用户需按<a target=""_blank"" href=""https://piccache.cnki.net/2022/kdn/index/adobereader/index.html#frame1-1"">阅读器下载</a>提示下载适用系统的PDF阅读器Adobe Reader 和适用系统的相应插件 FileOpen 并按顺序安装，安装后请使用PDF阅读器打开全文。如遇问题请查看
                                            <a target=""_blank"" href=""https://piccache.cnki.net/2022/kdn/index/adobereader/index.html#frame1-2"">使用说明</a>。
                                        </p>
</div>
",https://kns.cnki.net/kcms2/article/abstract?v=kxaUMs6x7-5KB1kF296ShrYo_9ZoYIWW4VfT4bfQP25xUu13oQ_hU9KzYl41dO0_ZxOQfEVMVrzFDYtID2eviw%3d%3d&uniplatform=NZKPT
5,"空气压缩机油现行
Air compressor oils",GB/T 12691-2021,国家标准,2022-12-30,"
<div class=""wx-tit"">
<h1>空气压缩机油<a class=""type"">现行</a>
<br>
<span>Air compressor oils</span>
</h1>
</div>
<div class=""row"">
<div class=""row-1"">
<span class=""rowtit"">标准号：</span>
<p class=""funds"">GB/T 12691-2021</p>
</div>
<div class=""row-2"">
<span class=""rowtit2"">标准性质：</span>
<p class=""funds"">推荐性</p>
</div>
</div>
<div class=""row"">
<div class=""row-1"">
<span class=""rowtit"">发布日期：</span>
<p class=""funds"">2021-12-31</p>
</div>
<div class=""row-2"">
<span class=""rowtit2"">实施日期：</span>
<p class=""funds"">2022-07-01</p>
</div>
</div>
<div class=""row"">
<span class=""rowtit"">发布单位：</span>
<p class=""funds"">国家市场监督管理总局;国家标准化管理委员会</p>
</div>
<div class=""row"">
<span class=""rowtit"">起草人：</span>
<p class=""funds"">韩红苓;祝馨怡;陈林;刘中国;刘倩;康茵;陈晓伟;熊凯;许淑艳;王慧宇;李琳;王辉</p>
</div>
<div class=""row"">
<span class=""rowtit"">起草单位：</span>
<p class=""funds"">
<a target=""_blank"" href=""../organ/detail?v=8q8G1i9Uape8whZRz42eK_aJdCmlz5oWrok6d3nU8jDOJAXQNypVtO5P1AXvzsJDrEmJTDfTb3u2XBLAke6v9NOoys0aue8wrDEGsp9pTIgfm9pzV-ngd7Jm8UtC-ERHgXrUnRGN5q6QMdUHcxTF5IJnrCiwqNZe6JXG0o7VKUg=&amp;uniplatform=NZKPT"">中国石油化工股份有限公司石油化工科学研究院</a>; <a target=""_blank"" href=""../organ/detail?v=8q8G1i9Uape8whZRz42eK_aJdCmlz5oWvOLy5pDnVOUVj887yUaAWzGZ9eZB3h0ahOt3O56qXJKXunME8eWj4g4SHw3d-FPyrNn2zsHbeUaYQ97alUdDM9wh1T4PwKIN&amp;uniplatform=NZKPT"">中国石化润滑油有限公司</a>; <a target=""_blank"" href=""../organ/detail?v=8q8G1i9Uape8whZRz42eKwq8NVqGb0EfgMf5rAlkTgtQpDOw2AUDhxPL3iSmpSUNzrSMSg6qbkvti_WOZmT0_zMW1txemXQr341JAr8V_pAVcpenkfdYEjJP7LzkZP5rv_AnkgZE1naDis17lOBZ_48LJVpbe7Iu&amp;uniplatform=NZKPT"">中国石油天然气股份有限公司润滑油分公司</a>
</p>
</div>
<div class=""row"">
<span class=""rowtit"">标准技术委员会：</span>
<p class=""funds"">全国石油产品和润滑剂标准化技术委员会(SAC/TC 280)</p>
</div>
<div class=""row"">
<span class=""rowtit"">中国标准分类号：</span>
<div class=""funds"">
<span class=""txt"">E34</span>
<p class=""classify-nav"">石油-石油产品-润滑油</p>
</div>
</div>
<div class=""row"">
<span class=""rowtit"">国际标准分类号：</span>
<div class=""funds"">
<span class=""txt"">75_100</span>
<p class=""classify-nav"">石油及相关技术-润滑剂、工业油及相关产品</p>
</div>
</div>
<div class=""row"">
<span class=""rowtit"">总页数：</span>
<p class=""funds"">12</p>
</div>
<div class=""row"">
<span class=""rowtit"">纸质版定价：</span>
<p class=""funds"">24.00</p>
</div>
<div class=""operate operate2"" id=""DownLoadParts"">
<ul class=""operate-btn"">
<li class=""btn-qwxz"" style=""background:url(../images/gb/kcms8/icon-standardReader.png) left center no-repeat #1b66e6;"">
<a target=""_blank"" style=""width:300px"" rel=""noreferrer"" href=""http://login.cnki.net/login?platform=kcms&amp;ReturnURL=https://kdoc.cnki.net/UnisDownload/SCSF/Download.aspx?fileName=SCSF00076902&amp;uid="">
                                                PDF 版全文下载
                                            </a>
</li>
</ul>
<p class=""qwyd-tips"">
<i class=""icon-important-tips""></i><span class=""red"">重要提示：</span>标准全文为加密文档，须使用专用阅读器打开，点击下载<a href=""https://piccache.cnki.net/2022/kdn/software/standardreader.exe"">标准阅读器</a>并安装，如已安装，请使用阅读器打开全文。<br>
                                            个人用户需按<a target=""_blank"" href=""https://piccache.cnki.net/2022/kdn/index/adobereader/index.html#frame1-1"">阅读器下载</a>提示下载适用系统的PDF阅读器Adobe Reader 和适用系统的相应插件 FileOpen 并按顺序安装，安装后请使用PDF阅读器打开全文。如遇问题请查看
                                            <a target=""_blank"" href=""https://piccache.cnki.net/2022/kdn/index/adobereader/index.html#frame1-2"">使用说明</a>。
                                        </p>
</div>
",https://kns.cnki.net/kcms2/article/abstract?v=kxaUMs6x7-5KB1kF296ShrYo_9ZoYIWW4VfT4bfQP25xUu13oQ_hU4RLXRBmjjtgtmwkosoUnX2VDrRc87ch4A%3d%3d&uniplatform=NZKPT
6,"电冰箱用全封闭型电动机-压缩机现行
Hermetic motor-compressors for refrigerators",GB/T 9098-2021,国家标准,2022-06-13,"
<div class=""wx-tit"">
<h1>电冰箱用全封闭型电动机-压缩机<a class=""type"">现行</a>
<br>
<span>Hermetic motor-compressors for refrigerators</span>
</h1>
</div>
<div class=""row"">
<div class=""row-1"">
<span class=""rowtit"">标准号：</span>
<p class=""funds"">GB/T 9098-2021</p>
</div>
<div class=""row-2"">
<span class=""rowtit2"">标准性质：</span>
<p class=""funds"">推荐性</p>
</div>
</div>
<div class=""row"">
<div class=""row-1"">
<span class=""rowtit"">发布日期：</span>
<p class=""funds"">2021-10-11</p>
</div>
<div class=""row-2"">
<span class=""rowtit2"">实施日期：</span>
<p class=""funds"">2022-05-01</p>
</div>
</div>
<div class=""row"">
<span class=""rowtit"">发布单位：</span>
<p class=""funds"">国家市场监督管理总局;国家标准化管理委员会</p>
</div>
<div class=""row"">
<span class=""rowtit"">起草人：</span>
<p class=""funds"">黄立元;胡志强;张勤建;沈希;舒少仁;夏太安;张奎;魏邦福;徐华保;孙彬;胡海宏;胡余生;方伟涛;张建雄;李艳春;王松;何成志;包国兴;张海明;常进;刘刚;袁志勇;颜为文;万春晖;邓旭;杨贤飞;赵云文;邱建明</p>
</div>
<div class=""row"">
<span class=""rowtit"">起草单位：</span>
<p class=""funds"">加西贝拉压缩机有限公司; 中国家用电器研究院; 黄石东贝压缩机有限公司; 青岛海尔电冰箱有限公司; 长虹美菱股份有限公司; 海信(山东)冰箱有限公司; 合肥美的电冰箱有限公司; 珠海格力电器股份有限公司; 中家院(北京)检测认证有限公司; 尼得科压缩机(北京)有限公司; 广州万宝集团压缩机有限公司; 长虹华意压缩机股份有限公司; 江苏白雪电器股份有限公司; 杭州钱江制冷压缩机集团有限公司; 泰州乐金电子冷机有限公司; 安徽美芝制冷设备有限公司; 四川丹甫环境科技有限公司; 无锡松下冷机压缩机有限公司; 中国家用电器协会; 中国质量认证中心; 威凯检测技术有限公司; 浙江工业大学; 常熟市天银机电股份有限公司; 浙江麦迪制冷科技股份有限公司</p>
</div>
<div class=""row"">
<span class=""rowtit"">标准技术委员会：</span>
<p class=""funds"">全国家用电器标准化技术委员会(SAC/TC 46)</p>
</div>
<div class=""row"">
<span class=""rowtit"">中国标准分类号：</span>
<div class=""funds"">
<span class=""txt"">Y61</span>
<p class=""classify-nav"">轻工、文化与生活用品-家用电器、日用机具-家用空调与冷藏器具</p>
</div>
</div>
<div class=""row"">
<span class=""rowtit"">国际标准分类号：</span>
<div class=""funds"">
<span class=""txt"">97_040_30</span>
<p class=""classify-nav"">家用和商用设备、文娱、体育-厨房设备-家用制冷设备</p>
</div>
</div>
<div class=""row"">
<span class=""rowtit"">总页数：</span>
<p class=""funds"">28</p>
</div>
<div class=""row"">
<span class=""rowtit"">纸质版定价：</span>
<p class=""funds"">38.00</p>
</div>
<div class=""operate operate2"" id=""DownLoadParts"">
<ul class=""operate-btn"">
<li class=""btn-qwxz"" style=""background:url(../images/gb/kcms8/icon-standardReader.png) left center no-repeat #1b66e6;"">
<a target=""_blank"" style=""width:300px"" rel=""noreferrer"" href=""http://login.cnki.net/login?platform=kcms&amp;ReturnURL=https://kdoc.cnki.net/UnisDownload/SCSF/Download.aspx?fileName=SCSF00075567&amp;uid="">
                                                PDF 版全文下载
                                            </a>
</li>
</ul>
<p class=""qwyd-tips"">
<i class=""icon-important-tips""></i><span class=""red"">重要提示：</span>标准全文为加密文档，须使用专用阅读器打开，点击下载<a href=""https://piccache.cnki.net/2022/kdn/software/standardreader.exe"">标准阅读器</a>并安装，如已安装，请使用阅读器打开全文。<br>
                                            个人用户需按<a target=""_blank"" href=""https://piccache.cnki.net/2022/kdn/index/adobereader/index.html#frame1-1"">阅读器下载</a>提示下载适用系统的PDF阅读器Adobe Reader 和适用系统的相应插件 FileOpen 并按顺序安装，安装后请使用PDF阅读器打开全文。如遇问题请查看
                                            <a target=""_blank"" href=""https://piccache.cnki.net/2022/kdn/index/adobereader/index.html#frame1-2"">使用说明</a>。
                                        </p>
</div>
",https://kns.cnki.net/kcms2/article/abstract?v=kxaUMs6x7-5KB1kF296ShrYo_9ZoYIWW4VfT4bfQP25xUu13oQ_hU8eT2yjnD5bAMfxeylmal4D6pfsvX2TXCQ%3d%3d&uniplatform=NZKPT
7,"房间空气调节器用全封闭型电动机-压缩机现行
Hermetic motor-compressors for room air conditioners",GB/T 15765-2021,国家标准,2021-12-07,"
<div class=""wx-tit"">
<h1>房间空气调节器用全封闭型电动机-压缩机<a class=""type"">现行</a>
<br>
<span>Hermetic motor-compressors for room air conditioners</span>
</h1>
</div>
<div class=""row"">
<div class=""row-1"">
<span class=""rowtit"">标准号：</span>
<p class=""funds"">GB/T 15765-2021</p>
</div>
<div class=""row-2"">
<span class=""rowtit2"">标准性质：</span>
<p class=""funds"">推荐性</p>
</div>
</div>
<div class=""row"">
<div class=""row-1"">
<span class=""rowtit"">发布日期：</span>
<p class=""funds"">2021-05-21</p>
</div>
<div class=""row-2"">
<span class=""rowtit2"">实施日期：</span>
<p class=""funds"">2021-12-01</p>
</div>
</div>
<div class=""row"">
<span class=""rowtit"">发布单位：</span>
<p class=""funds"">国家市场监督管理总局;国家标准化管理委员会</p>
</div>
<div class=""row"">
<span class=""rowtit"">起草人：</span>
<p class=""funds"">孙民;刘彬;胡余生;杨泾涛;周易;姜华伟;徐华保;赵旭;贾伟强;刘文元;炊军立;沙露;雷卫东;郭丽珍;纪高峰;朱晓音;闫伟国;刘云;杨贤飞;王海英;谢利昌;聂圣源;匡成效;李越峰;赵可可;林志强</p>
</div>
<div class=""row"">
<span class=""rowtit"">起草单位：</span>
<p class=""funds"">西安庆安制冷设备股份有限公司; 中国家用电器研究院; 珠海格力电器股份有限公司; 广东美芝制冷设备有限公司; 上海海立电器有限公司; 沈阳中航机电三洋制冷设备有限公司; 三菱电机(广州)压缩机有限公司; 珠海凌达压缩机有限公司; 大金机电设备(苏州)有限公司; 大金机电设备(西安)有限公司; 广州松下.万宝压缩机有限公司; 艾默生环境优化技术(苏州)有限公司; 兰溪市越强电器有限公司; TCL瑞智(惠州)制冷设备有限公司; 松下压缩机(大连)有限公司; 浙江博阳压缩机有限公司; 威凯检测技术有限公司; 青岛海尔智能技术研发有限公司; 江苏常荣电器有限公司; 四川长虹空调有限公司; 海信(山东)空调有限公司; 青岛三源泰科电子科技有限公司</p>
</div>
<div class=""row"">
<span class=""rowtit"">标准技术委员会：</span>
<p class=""funds"">全国家用电器标准化技术委员会(SAC/TC  46)</p>
</div>
<div class=""row"">
<span class=""rowtit"">中国标准分类号：</span>
<div class=""funds"">
<span class=""txt"">Y61</span>
<p class=""classify-nav"">轻工、文化与生活用品-家用电器、日用机具-家用空调与冷藏器具</p>
</div>
</div>
<div class=""row"">
<span class=""rowtit"">国际标准分类号：</span>
<div class=""funds"">
<span class=""txt"">97_040_30</span>
<p class=""classify-nav"">家用和商用设备、文娱、体育-厨房设备-家用制冷设备</p>
</div>
</div>
<div class=""row"">
<span class=""rowtit"">总页数：</span>
<p class=""funds"">28</p>
</div>
<div class=""row"">
<span class=""rowtit"">纸质版定价：</span>
<p class=""funds"">30.00</p>
</div>
<div class=""operate operate2"" id=""DownLoadParts"">
<ul class=""operate-btn"">
<li class=""btn-qwxz"" style=""background:url(../images/gb/kcms8/icon-standardReader.png) left center no-repeat #1b66e6;"">
<a target=""_blank"" style=""width:300px"" rel=""noreferrer"" href=""http://login.cnki.net/login?platform=kcms&amp;ReturnURL=https://kdoc.cnki.net/UnisDownload/SCSF/Download.aspx?fileName=SCSF00070924&amp;uid="">
                                                PDF 版全文下载
                                            </a>
</li>
</ul>
<p class=""qwyd-tips"">
<i class=""icon-important-tips""></i><span class=""red"">重要提示：</span>标准全文为加密文档，须使用专用阅读器打开，点击下载<a href=""https://piccache.cnki.net/2022/kdn/software/standardreader.exe"">标准阅读器</a>并安装，如已安装，请使用阅读器打开全文。<br>
                                            个人用户需按<a target=""_blank"" href=""https://piccache.cnki.net/2022/kdn/index/adobereader/index.html#frame1-1"">阅读器下载</a>提示下载适用系统的PDF阅读器Adobe Reader 和适用系统的相应插件 FileOpen 并按顺序安装，安装后请使用PDF阅读器打开全文。如遇问题请查看
                                            <a target=""_blank"" href=""https://piccache.cnki.net/2022/kdn/index/adobereader/index.html#frame1-2"">使用说明</a>。
                                        </p>
</div>
",https://kns.cnki.net/kcms2/article/abstract?v=kxaUMs6x7-5KB1kF296ShrYo_9ZoYIWW4VfT4bfQP25xUu13oQ_hU3MrIT-_hDBtYtrFQUD_L72H4Yi1n9Ky_Q%3d%3d&uniplatform=NZKPT
8,"新能源汽车空调压缩机用伺服电动机系统通用规范现行
General specification for servo motor system in air conditioning compressor of new energy vehicles",GB/T 39631-2020,国家标准,2021-10-26,"
<div class=""wx-tit"">
<h1>新能源汽车空调压缩机用伺服电动机系统通用规范<a class=""type"">现行</a>
<br>
<span>General specification for servo motor system in air conditioning compressor of new energy vehicles</span>
</h1>
</div>
<div class=""row"">
<div class=""row-1"">
<span class=""rowtit"">标准号：</span>
<p class=""funds"">GB/T 39631-2020</p>
</div>
<div class=""row-2"">
<span class=""rowtit2"">标准性质：</span>
<p class=""funds"">推荐性</p>
</div>
</div>
<div class=""row"">
<div class=""row-1"">
<span class=""rowtit"">发布日期：</span>
<p class=""funds"">2020-12-14</p>
</div>
<div class=""row-2"">
<span class=""rowtit2"">实施日期：</span>
<p class=""funds"">2021-07-01</p>
</div>
</div>
<div class=""row"">
<span class=""rowtit"">发布单位：</span>
<p class=""funds"">国家市场监督管理总局;国家标准化管理委员会</p>
</div>
<div class=""row"">
<span class=""rowtit"">起草人：</span>
<p class=""funds"">邵晓强;李锋;胡余生;李浩;林兴乐;张凤阁;彭利生;魏建忠;张直焕;任雷;秦文银;曹胜华;徐榕锋;金龙;陈昭明;王光建</p>
</div>
<div class=""row"">
<span class=""rowtit"">起草单位：</span>
<p class=""funds"">西安微电机研究所; 珠海格力电器股份有限公司; 深圳市正德智控股份有限公司; 厦门莱凯盛智能科技有限公司; 沈阳工业大学; 西安伺服电机有限公司; 江苏云能电器研究院有限公司; 广东全庆检测有限公司; 江苏华源防爆电机有限公司; 南京金崎新能源动力研究院有限公司; 南京高崎电机有限公司; 东南大学; 浙江巨龙自动化设备有限公司; 浙江如晶科技有限公司</p>
</div>
<div class=""row"">
<span class=""rowtit"">标准技术委员会：</span>
<p class=""funds"">全国微电机标准化技术委员会(SAC/TC 2)</p>
</div>
<div class=""row"">
<span class=""rowtit"">中国标准分类号：</span>
<div class=""funds"">
<span class=""txt"">K24</span>
<p class=""classify-nav"">电工-旋转电机-微型电机</p>
</div>
</div>
<div class=""row"">
<span class=""rowtit"">国际标准分类号：</span>
<div class=""funds"">
<span class=""txt"">29_160_30</span>
<p class=""classify-nav"">电气工程-旋转电机-电动机</p>
</div>
</div>
<div class=""row"">
<span class=""rowtit"">总页数：</span>
<p class=""funds"">28</p>
</div>
<div class=""row"">
<span class=""rowtit"">纸质版定价：</span>
<p class=""funds"">27.00</p>
</div>
<div class=""operate operate2"" id=""DownLoadParts"">
<ul class=""operate-btn"">
<li class=""btn-qwxz"" style=""background:url(../images/gb/kcms8/icon-standardReader.png) left center no-repeat #1b66e6;"">
<a target=""_blank"" style=""width:300px"" rel=""noreferrer"" href=""http://login.cnki.net/login?platform=kcms&amp;ReturnURL=https://kdoc.cnki.net/UnisDownload/SCSF/Download.aspx?fileName=SCSF00068523&amp;uid="">
                                                PDF 版全文下载
                                            </a>
</li>
</ul>
<p class=""qwyd-tips"">
<i class=""icon-important-tips""></i><span class=""red"">重要提示：</span>标准全文为加密文档，须使用专用阅读器打开，点击下载<a href=""https://piccache.cnki.net/2022/kdn/software/standardreader.exe"">标准阅读器</a>并安装，如已安装，请使用阅读器打开全文。<br>
                                            个人用户需按<a target=""_blank"" href=""https://piccache.cnki.net/2022/kdn/index/adobereader/index.html#frame1-1"">阅读器下载</a>提示下载适用系统的PDF阅读器Adobe Reader 和适用系统的相应插件 FileOpen 并按顺序安装，安装后请使用PDF阅读器打开全文。如遇问题请查看
                                            <a target=""_blank"" href=""https://piccache.cnki.net/2022/kdn/index/adobereader/index.html#frame1-2"">使用说明</a>。
                                        </p>
</div>
",https://kns.cnki.net/kcms2/article/abstract?v=kxaUMs6x7-5KB1kF296ShrYo_9ZoYIWW4VfT4bfQP25xUu13oQ_hU1NLpzFG6Xj58W8s4QOOQH5Hj39zQyfzjg%3d%3d&uniplatform=NZKPT
9,"电气绝缘系统(EIS)　液体和固体组件的热评定　第3部分：密封式电动机-压缩机现行
Electrical insulation systems(EIS)―Thermal evaluation of combined liquid and solid components―Part 3:Hermetic motor-compressors",GB/T 22578.3-2020,国家标准,2020-12-10,"
<div class=""wx-tit"">
<h1>电气绝缘系统(EIS)　液体和固体组件的热评定　第3部分：密封式电动机-压缩机<a class=""type"">现行</a>
<br>
<span>Electrical insulation systems(EIS)―Thermal evaluation of combined liquid and solid components―Part 3:Hermetic motor-compressors</span>
</h1>
</div>
<div class=""row"">
<div class=""row-1"">
<span class=""rowtit"">标准号：</span>
<p class=""funds"">GB/T 22578.3-2020</p>
</div>
<div class=""row-2"">
<span class=""rowtit2"">标准性质：</span>
<p class=""funds"">推荐性</p>
</div>
</div>
<div class=""row"">
<div class=""row-1"">
<span class=""rowtit"">发布日期：</span>
<p class=""funds"">2020-06-02</p>
</div>
<div class=""row-2"">
<span class=""rowtit2"">实施日期：</span>
<p class=""funds"">2020-12-01</p>
</div>
</div>
<div class=""row"">
<span class=""rowtit"">发布单位：</span>
<p class=""funds"">国家市场监督管理总局;国家标准化管理委员会</p>
</div>
<div class=""row"">
<span class=""rowtit"">起草人：</span>
<p class=""funds"">陈昊;刘亚丽;罗春明;李军生;朱永明;蔡泽农;郑敏敏;张兴志;夏宇;雷卫东;潘德忠;孙岩磊</p>
</div>
<div class=""row"">
<span class=""rowtit"">起草单位：</span>
<p class=""funds"">
<a target=""_blank"" href=""../organ/detail?v=8q8G1i9UapfXnFZtrt2Ao_nXODgOKDtw2lJ66P857BeNbYDE8R3DMnnuT0oFKQC_ZprXfyp0AI9tSGpeiDpDXnhew2saPAUWg-yjq0WKPlgZpggvvvEfr-YXJJsK5rCvieb1HUDQpJ3Bay4emlL9_Q==&amp;uniplatform=NZKPT"">四川东材科技集团股份有限公司</a>; <a target=""_blank"" href=""../organ/detail?v=8q8G1i9UapfXnFZtrt2AozrMOIaslVCwT5KhI12ExtFsu6ktdZgAHpKEQBLRV1n7vuQhjlgjZ1arCBtnUfhjdS0cUjsZ5096r4tpJAhvY-Xua5LzdgaRnuB9yIIf9xjdRBepZnV94oSJ1jwxBu-BMKQD49tArVgt&amp;uniplatform=NZKPT"">佛山市顺德区质量技术监督标准与编码所</a>; <a target=""_blank"" href=""../organ/detail?v=8q8G1i9UapfXnFZtrt2Ao8PxUPg57y449rzHthXQeEiIebdtKDMvwkj9jDtqiLLlZyglwFtvSXP-rDnK5yC7rismiyc3bvTdEDZnDbP1C-hxEW1Qr7p6cUtFLEkYpndw&amp;uniplatform=NZKPT"">泰州钰明新材料有限公司</a>; <a target=""_blank"" href=""../organ/detail?v=8q8G1i9UapfXnFZtrt2Ao6TsIQZ743gz4TDLZdv2zCJEJfD6ceok3LOdCTzWn2HBQjuNvmtkOJqcjRAQx_rD_nxU9797OC8LYt3Wd3r6SQlNOo1QAkRCwPFsohmP-h3Uc71r2bDLUqd5GhWNpZdQYA==&amp;uniplatform=NZKPT"">机械工业北京电工技术经济研究所</a>; <a target=""_blank"" href=""../organ/detail?v=8q8G1i9UapfXnFZtrt2Ao4BV3cTnuL_OqfIOgCuYFZi1nbXlPjbrawlPU--5DKI1X0sSLyTzT4Zg65NEfZDG6uZldVTsgDQpnX1apE6neBjeUl8FE96LAo0lbp_E3xpW&amp;uniplatform=NZKPT"">苏州贝得科技有限公司</a>; <a target=""_blank"" href=""../organ/detail?v=8q8G1i9UapfXnFZtrt2Ao5nkaPKmBLAQkWxRzhzDXHC0LKkqEYnLQV56sQ7lZ72vTBNLRhly45AnMBynoMViWgW-8Hcx4l_GI0xvBdhuNktApeJUxr2RkoVKRjaAbw_S43OwLk72Iyo=&amp;uniplatform=NZKPT"">浙江荣泰科技企业有限公司</a>; <a target=""_blank"" href=""../organ/detail?v=8q8G1i9UapfXnFZtrt2Ao_Iq8Ffac9g1_c1E7YA25QomoUoJ88jMg5CCQuLmVe7vlu3k3ftmlR95VWQ-_1UcNtrBzMsiVFo5OABRQno7-FVBebAvAYd_0ozJcMquFShn&amp;uniplatform=NZKPT"">上海海立电器有限公司</a>; <a target=""_blank"" href=""../organ/detail?v=8q8G1i9UapfXnFZtrt2Ao4BV3cTnuL_OEdbdcoGo6UP3dtrXMPFc-HvjW_qRylSZm6bvKcsJgKaR6doI-HCKu95l5d8fIU_hallz5PqyJnzNiPHTiyXL3KbpGqxGVQwcJ1ju25fbs7HrNCN_oBqTPw==&amp;uniplatform=NZKPT"">苏州巨峰电气绝缘系统股份有限公司</a>; <a target=""_blank"" href=""../organ/detail?v=8q8G1i9UapfXnFZtrt2Ao_h8Es5pDAwuFcjvQH4O0XGzBuVtOfU5ouCa5A6DVW0E_EyO_p0Anr1NRSLHrNXsqVhwvIxdpPqS-Ig8yLlqyv2EfTS_KfqAFltZSaoQMSdk&amp;uniplatform=NZKPT"">珠海凌达压缩机有限公司</a>; <a target=""_blank"" href=""../organ/detail?v=8q8G1i9Uapfh6NBpGUmlxDjHx9XRJK-EA6fhRnCBEqXhL1cnYtAlM__QWy3cHMSG7QeyhcS4dZu4sv7XOsFwIg3lAi694L5ZNf1yG6eG1gikbOvkvC0f3ubsaRhTrqaE1vbDcmfjRrAkTpr-1MibtA==&amp;uniplatform=NZKPT"">苏州太湖电工新材料股份有限公司</a>; <a target=""_blank"" href=""../organ/detail?v=8q8G1i9Uapfh6NBpGUmlxLc_BqZByzepqkMMAAV7lyyJvPdaZtxdMCzAZ6etGM0e9hzJrcbzDZEgSy3rk0v_qaF_yryF0Vljl9EFCQsb6Gxx3GbwuRYqvXj0GCQUlx_NmuClyBaWCeo3SnuOwT6udg==&amp;uniplatform=NZKPT"">烟台民士达特种纸业股份有限公司</a>
</p>
</div>
<div class=""row"">
<span class=""rowtit"">标准技术委员会：</span>
<p class=""funds"">全国电气绝缘材料与绝缘系统评定标准化技术委员会(SAC/TC 301)</p>
</div>
<div class=""row"">
<span class=""rowtit"">中国标准分类号：</span>
<div class=""funds"">
<span class=""txt"">K15</span>
<p class=""classify-nav"">电工-电工材料和通用零件-电工绝缘材料及其制品</p>
</div>
</div>
<div class=""row"">
<span class=""rowtit"">国际标准分类号：</span>
<div class=""funds"">
<span class=""txt"">29_080_30</span>
<p class=""classify-nav"">电气工程-绝缘-绝缘系统</p>
</div>
</div>
<div class=""row"">
<span class=""rowtit"">总页数：</span>
<p class=""funds"">20</p>
</div>
<div class=""row"">
<span class=""rowtit"">纸质版定价：</span>
<p class=""funds"">21.00</p>
</div>
<div class=""operate operate2"" id=""DownLoadParts"">
<ul class=""operate-btn"">
<li class=""btn-qwxz"" style=""background:url(../images/gb/kcms8/icon-standardReader.png) left center no-repeat #1b66e6;"">
<a target=""_blank"" style=""width:300px"" rel=""noreferrer"" href=""http://login.cnki.net/login?platform=kcms&amp;ReturnURL=https://kdoc.cnki.net/UnisDownload/SCSF/Download.aspx?fileName=SCSF00063107&amp;uid="">
                                                PDF 版全文下载
                                            </a>
</li>
</ul>
<p class=""qwyd-tips"">
<i class=""icon-important-tips""></i><span class=""red"">重要提示：</span>标准全文为加密文档，须使用专用阅读器打开，点击下载<a href=""https://piccache.cnki.net/2022/kdn/software/standardreader.exe"">标准阅读器</a>并安装，如已安装，请使用阅读器打开全文。<br>
                                            个人用户需按<a target=""_blank"" href=""https://piccache.cnki.net/2022/kdn/index/adobereader/index.html#frame1-1"">阅读器下载</a>提示下载适用系统的PDF阅读器Adobe Reader 和适用系统的相应插件 FileOpen 并按顺序安装，安装后请使用PDF阅读器打开全文。如遇问题请查看
                                            <a target=""_blank"" href=""https://piccache.cnki.net/2022/kdn/index/adobereader/index.html#frame1-2"">使用说明</a>。
                                        </p>
</div>
",https://kns.cnki.net/kcms2/article/abstract?v=kxaUMs6x7-5KB1kF296ShrYo_9ZoYIWW4VfT4bfQP25xUu13oQ_hU75TwFM7MU4L35U63FrnpazRB9Vd8lbbpg%3d%3d&uniplatform=NZKPT
10,"冷冻冷藏用喷液旋转式压缩机
Rotary compressor with liquid refrigerant injection for refrigeration appliance",GB/T 33625-2017,国家标准,2017-12-21,"
<div class=""wx-tit"">
<h1>冷冻冷藏用喷液旋转式压缩机<br>
<span>Rotary compressor with liquid refrigerant injection for refrigeration appliance</span>
</h1>
</div>
<div class=""row"">
<div class=""row-1"">
<span class=""rowtit"">标准号：</span>
<p class=""funds"">QB/T 5203-2017</p>
</div>
<div class=""row-2"">
<span class=""rowtit2"">标准性质：</span>
<p class=""funds"">推荐性</p>
</div>
</div>
<div class=""row abstract is-part"">
<span class=""rowtit"">摘要：</span>
<div class=""abstract-text"">本标准规定了冷冻冷藏用喷液旋转式压缩机的术语与定义、产品分类、要求、试验方法、检验规则和标志、包装、运输、贮存。 本标准适用于制冷剂为R22和R404A的冷冻冷藏用喷液旋转式压缩机。制冷剂为其他类型的同类压缩机可参考本标准要求。</div>
</div>
<div class=""row"">
<div class=""row-1"">
<span class=""rowtit"">发布日期：</span>
<p class=""funds"">2017-11-07</p>
</div>
<div class=""row-2"">
<span class=""rowtit2"">实施日期：</span>
<p class=""funds"">2018-04-01</p>
</div>
</div>
<div class=""row"">
<span class=""rowtit"">发布单位：</span>
<p class=""funds"">中华人民共和国工业和信息化部</p>
</div>
<div class=""row"">
<span class=""rowtit"">主要起草人：</span>
<p>孙民; 谢利昌; 王哲思; 姜华伟; 牟欣强; 周易; 郝唯; 李玉斌; 刘云; 沙露; 陈子鹏</p>
</div>
<div class=""row"">
<span class=""rowtit"">起草单位：</span>
<p class=""funds"">
<a target=""_blank"" href=""../organ/detail?v=8q8G1i9UapelmPE9zOdH-_4vZQzYVgpO9rRHdBHBgbeDa7BNc9p4WErmr74qZec4uyumoZ_8iY6wqw30PAWb2jSJNo6GRr1MJjH2TvObILtK3QKRo2L1eYPlndE8rflLbaOc20afeBOdpW_unDSlRg==&amp;uniplatform=NZKPT"">西安庆安制冷设备股份有限公司</a>; <a target=""_blank"" href=""../organ/detail?v=8q8G1i9UapelmPE9zOdH-11i186Qf1NLRHyOl6aMxvTvGI_4NvK9q6ncZx1s_1XD87LMsAajD-crpQkM-CfiVGpxbpHiJXUylniCV2JVaummE1dpElZCV3_jCAeDYi1s&amp;uniplatform=NZKPT"">珠海凌达压缩机有限公司</a>; <a target=""_blank"" href=""../organ/detail?v=8q8G1i9UapelmPE9zOdH-x2ifHNm0QQgxnsgEukf1LNwjo5ZHSAAwZ1RWyoyf8RxXhXys47U5iBeV3_K1FnodUXNhcAAzZuLNUdINEvkVdCoZW75nzhW_hedK7SMdyXg&amp;uniplatform=NZKPT"">中国家用电器研究院</a>
</p>
</div>
<div class=""row"">
<span class=""rowtit"">归口单位：</span>
<p class=""funds"">全国家用电器标准化技术委员会 (SAC/TC46)</p>
</div>
<div class=""row"">
<span class=""rowtit"">中国标准分类号：</span>
<div class=""funds"">
<span class=""txt"">Y61</span>
<p class=""classify-nav"">轻工、文化与生活用品-家用电器、日用机具-家用空调与冷藏器具</p>
</div>
</div>
<div class=""row"">
<span class=""rowtit"">国际标准分类号：</span>
<div class=""funds"">
<span class=""txt"">97_040_30</span>
<p class=""classify-nav"">家用和商用设备、文娱、体育-厨房设备-家用制冷设备</p>
</div>
</div>
<div class=""row"">
<span class=""rowtit"">总页数：</span>
<p class=""funds"">17</p>
</div>
<div class=""row"">
<span class=""rowtit"">下载定价：</span>
<p class=""funds"">60.00</p>
</div>
<div class=""operate operate2"" id=""DownLoadParts"">
<ul class=""operate-btn"">
<li class=""btn-qwxz"">
<a class=""a05"" target=""_blank"" style=""width:300px"" rel=""noreferrer"" href=""https://login.cnki.net/login/?platform=kcms&amp;ReturnURL=https://kdoc.cnki.net/UnisDownload/SCHF/Download.aspx?fileName=SCHF202109282"">
                                                        全文下载
                                                    </a>
</li>
</ul>
</div>
",https://kns.cnki.net/kcms2/article/abstract?v=kxaUMs6x7-5ElG6KFjw9J_Dyo-cPEycdGtDycb7RePc-7KukXrf_NgESDglO2lsoKlwa1VsHQHzwcnssRFaKJQ%3d%3d&uniplatform=NZKPT
11,"家用和类似用途空调压缩机用密封插座
Seal socket of compressors for household and similar air-conditioner",GB/T 5773-2016,国家标准,2017-08-31,"
<div class=""wx-tit"">
<h1>家用和类似用途空调压缩机用密封插座<br>
<span>Seal socket of compressors for household and similar air-conditioner</span>
</h1>
</div>
<div class=""row"">
<div class=""row-1"">
<span class=""rowtit"">标准号：</span>
<p class=""funds"">QB/T 5178-2017</p>
</div>
<div class=""row-2"">
<span class=""rowtit2"">标准性质：</span>
<p class=""funds"">推荐性</p>
</div>
</div>
<div class=""row abstract is-part"">
<span class=""rowtit"">摘要：</span>
<div class=""abstract-text"">本标准规定了家用和类似用途空调压缩机用密封插座的术语和定义、产品分类、要求 、试验方法、检验规则及标志、包装、运输、贮存。 本标准适用于家用和类似用途空调压缩机用作电源接线的密封插座 。 本标准适用于制冷剂为R410A、R134a、R407C、R22的家用和类似用途空调压缩机用密封插座。 对于使用其他制冷剂的压缩机用密封插座也可参照使用,但不适用于跨临界系统用压缩机。</div>
</div>
<div class=""row"">
<div class=""row-1"">
<span class=""rowtit"">发布日期：</span>
<p class=""funds"">2017-11-07</p>
</div>
<div class=""row-2"">
<span class=""rowtit2"">实施日期：</span>
<p class=""funds"">2018-04-01</p>
</div>
</div>
<div class=""row"">
<span class=""rowtit"">发布单位：</span>
<p class=""funds"">中华人民共和国工业和信息化部</p>
</div>
<div class=""row"">
<span class=""rowtit"">主要起草人：</span>
<p>孙民; 温筠; 牟欣强; 周易; 谢利昌; 祝善晖; 郭志辉; 吴源泉; 匡锡芳; 毛红卫; 陈子鹏</p>
</div>
<div class=""row"">
<span class=""rowtit"">起草单位：</span>
<p class=""funds"">
<a target=""_blank"" href=""../organ/detail?v=8q8G1i9UapfBTnuLeBuPd63FHIX4w8Z8A6vecsPFg8HKqCqHzXOy56h7GLv1cDNPth0m_elkG0zL5p1LGJGAGZN9g9dTZt9-xLerDlKN3UiwOShl-g-rYLITr_H6fyq0rySery1J0EtG2EiK8hAVmg==&amp;uniplatform=NZKPT"">西安庆安制冷设备股份有限公司</a>; <a target=""_blank"" href=""../organ/detail?v=8q8G1i9UapfBTnuLeBuPd65U90Ri7ZpcbzvBu-dREKiyBgkyg3TqTHmfegLRwme5NsUVPLGM-3YZybC9Q9VuACGhLzl0eaBTYwTffHl1RfQW5OYmAdfGU1uUkTCB_BKN&amp;uniplatform=NZKPT"">中国家用电器研究院</a>
</p>
</div>
<div class=""row"">
<span class=""rowtit"">归口单位：</span>
<p class=""funds"">全国家用电器标准化技术委员会 (SAC/TC46)</p>
</div>
<div class=""row"">
<span class=""rowtit"">中国标准分类号：</span>
<div class=""funds"">
<span class=""txt"">Y61</span>
<p class=""classify-nav"">轻工、文化与生活用品-家用电器、日用机具-家用空调与冷藏器具</p>
</div>
</div>
<div class=""row"">
<span class=""rowtit"">国际标准分类号：</span>
<div class=""funds"">
<span class=""txt"">97_040_30</span>
<p class=""classify-nav"">家用和商用设备、文娱、体育-厨房设备-家用制冷设备</p>
</div>
</div>
<div class=""row"">
<span class=""rowtit"">总页数：</span>
<p class=""funds"">13</p>
</div>
<div class=""row"">
<span class=""rowtit"">下载定价：</span>
<p class=""funds"">50.00</p>
</div>
<div class=""operate operate2"" id=""DownLoadParts"">
<ul class=""operate-btn"">
<li class=""btn-qwxz"">
<a class=""a05"" target=""_blank"" style=""width:300px"" rel=""noreferrer"" href=""https://login.cnki.net/login/?platform=kcms&amp;ReturnURL=https://kdoc.cnki.net/UnisDownload/SCHF/Download.aspx?fileName=SCHF202109257"">
                                                        全文下载
                                                    </a>
</li>
</ul>
</div>
",https://kns.cnki.net/kcms2/article/abstract?v=kxaUMs6x7-5ElG6KFjw9J_Dyo-cPEycdGtDycb7RePc-7KukXrf_NiDrxM-UgtsfsPRROlFD0_Ixc0ppLgMLAA%3d%3d&uniplatform=NZKPT
12,"房间空调器压缩机用热保护器
Thermal protector for room air conditioner compressor",QB/T 4987-2016,行业标准,2020-08-25,"
<div class=""wx-tit"">
<h1>房间空调器压缩机用热保护器<br>
<span>Thermal protector for room air conditioner compressor</span>
</h1>
</div>
<div class=""row"">
<div class=""row-1"">
<span class=""rowtit"">标准号：</span>
<p class=""funds"">QB/T 5177-2017</p>
</div>
<div class=""row-2"">
<span class=""rowtit2"">标准性质：</span>
<p class=""funds"">推荐性</p>
</div>
</div>
<div class=""row abstract is-part"">
<span class=""rowtit"">摘要：</span>
<div class=""abstract-text"">本标准规定了房间空调器压缩机用热保护器 (以下简称 “热保护器 ”)的术语和定义、产品分类、要求、试验方法、检验规则、标志、包装、运输和贮存。 本标准正文适用于安装在房间空调器压缩机内部的电流-温度型自动复位式热保护器。适用于安装在压缩机外壳表面的热保护器的特殊规定见附录 A。</div>
</div>
<div class=""row"">
<div class=""row-1"">
<span class=""rowtit"">发布日期：</span>
<p class=""funds"">2017-11-07</p>
</div>
<div class=""row-2"">
<span class=""rowtit2"">实施日期：</span>
<p class=""funds"">2018-04-01</p>
</div>
</div>
<div class=""row"">
<span class=""rowtit"">发布单位：</span>
<p class=""funds"">中华人民共和国工业和信息化部</p>
</div>
<div class=""row"">
<span class=""rowtit"">主要起草人：</span>
<p>孙民; 马晖; 牟欣强; 周易; 谢利昌; 陈友勇; 陈广宇; 汪健; 肖利俊; 匡锡芳; 孙华民; 黄黎平</p>
</div>
<div class=""row"">
<span class=""rowtit"">起草单位：</span>
<p class=""funds"">
<a target=""_blank"" href=""../organ/detail?v=8q8G1i9UapfQjewD0VH-Sm3pXTaTMYxfP2bWrXWmhbphdTCgETrCbLDFYUiouLYVFOkM0RuZEi_TzBBdHpqeV2CdhLkj6BcsAVmTrg3xhaAsXWPtniVnsJKMb7yTX_HgcNXTxBTNpW3P8jbNvcgYGg==&amp;uniplatform=NZKPT"">西安庆安制冷设备股份有限公司</a>; <a target=""_blank"" href=""../organ/detail?v=8q8G1i9UapfQjewD0VH-Sm-1gpPjCI9p5OmkSL_funflT0x05yuUrWUyCyffTd-jgkYMHJS9nte41zQpxs44MDTbUBXdc2b1cBmsaE0nCd4IKdiZZYLrTzLzDtHHkq3g&amp;uniplatform=NZKPT"">中国家用电器研究院</a>
</p>
</div>
<div class=""row"">
<span class=""rowtit"">归口单位：</span>
<p class=""funds"">全国家用电器标准化技术委员会 (SAC/TC46)</p>
</div>
<div class=""row"">
<span class=""rowtit"">中国标准分类号：</span>
<div class=""funds"">
<span class=""txt"">Y61</span>
<p class=""classify-nav"">轻工、文化与生活用品-家用电器、日用机具-家用空调与冷藏器具</p>
</div>
</div>
<div class=""row"">
<span class=""rowtit"">国际标准分类号：</span>
<div class=""funds"">
<span class=""txt"">97_040_30</span>
<p class=""classify-nav"">家用和商用设备、文娱、体育-厨房设备-家用制冷设备</p>
</div>
</div>
<div class=""row"">
<span class=""rowtit"">总页数：</span>
<p class=""funds"">16</p>
</div>
<div class=""row"">
<span class=""rowtit"">下载定价：</span>
<p class=""funds"">60.00</p>
</div>
<div class=""operate operate2"" id=""DownLoadParts"">
<ul class=""operate-btn"">
<li class=""btn-qwxz"">
<a class=""a05"" target=""_blank"" style=""width:300px"" rel=""noreferrer"" href=""https://login.cnki.net/login/?platform=kcms&amp;ReturnURL=https://kdoc.cnki.net/UnisDownload/SCHF/Download.aspx?fileName=SCHF202109256"">
                                                        全文下载
                                                    </a>
</li>
</ul>
</div>
",https://kns.cnki.net/kcms2/article/abstract?v=kxaUMs6x7-5ElG6KFjw9J_Dyo-cPEycdGtDycb7RePc-7KukXrf_NmeR37kcNqSQ5ArwR9s1AApYQLyJvd3Fuw%3d%3d&uniplatform=NZKPT
13,"家用和类似用途空调压缩机用储液器
Accumulator of compressors for household and similar air-conditioner",QB/T 4988-2016,行业标准,2020-08-25,"
<div class=""wx-tit"">
<h1>家用和类似用途空调压缩机用储液器<br>
<span>Accumulator of compressors for household and similar air-conditioner</span>
</h1>
</div>
<div class=""row"">
<div class=""row-1"">
<span class=""rowtit"">标准号：</span>
<p class=""funds"">QB/T 5179-2017</p>
</div>
<div class=""row-2"">
<span class=""rowtit2"">标准性质：</span>
<p class=""funds"">推荐性</p>
</div>
</div>
<div class=""row abstract is-part"">
<span class=""rowtit"">摘要：</span>
<div class=""abstract-text"">本标准规定了家用和类似用途空调压缩机吸气侧用储液器 (以下简称储液器 )的术语和定义 、产品分类、技术要求、试验方法、检验规则及标志、包装、运输、贮存的要求。 本标准适用于符合 GB/T 15765规定的家用和类似用途空调压缩机用储液器 。热泵压缩机用储液器可参照本标准使用。</div>
</div>
<div class=""row"">
<div class=""row-1"">
<span class=""rowtit"">发布日期：</span>
<p class=""funds"">2017-11-07</p>
</div>
<div class=""row-2"">
<span class=""rowtit2"">实施日期：</span>
<p class=""funds"">2018-04-01</p>
</div>
</div>
<div class=""row"">
<span class=""rowtit"">发布单位：</span>
<p class=""funds"">中华人民共和国工业和信息化部</p>
</div>
<div class=""row"">
<span class=""rowtit"">主要起草人：</span>
<p>孙民; 周小华; 牟欣强; 谢利昌; 戎瑾; 祝善晖; 赵旭; 汪向荣; 张源源; 陈子鹏</p>
</div>
<div class=""row"">
<span class=""rowtit"">起草单位：</span>
<p class=""funds"">
<a target=""_blank"" href=""../organ/detail?v=8q8G1i9UapfsKFA4J9JYq9Q8UfOcmKyx7dgEZc7lWbeBsxoRH0HwEbO4-oW8t-eiynte4M7CjClOJe3s_t11YV-KZmsHaMdJ_1WIwKE2c1JQ_o5v6i21Iu2XVJI4cgbett6vsN2gRnWbjpCN_4FO1Q==&amp;uniplatform=NZKPT"">西安庆安制冷设备股份有限公司</a>; <a target=""_blank"" href=""../organ/detail?v=8q8G1i9UapfsKFA4J9JYq1ikf5vZCOPmBII4wkEGrwYdST98j8MClkVvDfer3DcQ013okW_rNUp9PGD0yJdfSqVRZdFVfulGXgMm552p3F9TKRboFgRIn83xdfomeSrr&amp;uniplatform=NZKPT"">中国家用电器研究院</a>
</p>
</div>
<div class=""row"">
<span class=""rowtit"">归口单位：</span>
<p class=""funds"">全国家用电器标准化技术委员会 (SAC/TC46)</p>
</div>
<div class=""row"">
<span class=""rowtit"">中国标准分类号：</span>
<div class=""funds"">
<span class=""txt"">Y61</span>
<p class=""classify-nav"">轻工、文化与生活用品-家用电器、日用机具-家用空调与冷藏器具</p>
</div>
</div>
<div class=""row"">
<span class=""rowtit"">国际标准分类号：</span>
<div class=""funds"">
<span class=""txt"">97_040_30</span>
<p class=""classify-nav"">家用和商用设备、文娱、体育-厨房设备-家用制冷设备</p>
</div>
</div>
<div class=""row"">
<span class=""rowtit"">总页数：</span>
<p class=""funds"">10</p>
</div>
<div class=""row"">
<span class=""rowtit"">下载定价：</span>
<p class=""funds"">50.00</p>
</div>
<div class=""operate operate2"" id=""DownLoadParts"">
<ul class=""operate-btn"">
<li class=""btn-qwxz"">
<a class=""a05"" target=""_blank"" style=""width:300px"" rel=""noreferrer"" href=""https://login.cnki.net/login/?platform=kcms&amp;ReturnURL=https://kdoc.cnki.net/UnisDownload/SCHF/Download.aspx?fileName=SCHF202109258"">
                                                        全文下载
                                                    </a>
</li>
</ul>
</div>
",https://kns.cnki.net/kcms2/article/abstract?v=kxaUMs6x7-5ElG6KFjw9J_Dyo-cPEycdGtDycb7RePc-7KukXrf_NkxwXgF4oaII0VAqNtdGLH0j1Pbm_27TwA%3d%3d&uniplatform=NZKPT
